 aqi, level, so2, no2, pm10, pm2_5, o3, co
44,1,13,17,44,26,65,0.7
78,2,23,31,81,57,72,0.9
32,1,6,15,31,19,64,0.5
23,1,11,17,17,9,29,0.9
63,2,10,20,70,45,109,0.7
42,1,6,19,42,27,58,0.6
113,3,9,28,50,26,174,0.8
40,1,6,14,33,20,80,0.6
33,1,6,18,32,19,65,0.6
137,3,16,89,112,104,26,1.6
58,2,6,23,37,18,109,0.6
36,1,8,19,36,20,30,0.7
72,2,8,14,80,47,126,0.7
88,2,8,18,110,65,117,0.8
108,3,13,47,112,81,15,1
26,1,10,12,19,12,51,0.6
113,3,70,62,158,85,77,1.5
26,1,13,15,22,15,52,0.7
48,1,10,17,48,28,77,0.7
101,3,9,21,61,32,161,1
49,1,12,13,45,34,62,0.6
122,3,5,22,42,23,184,0.8
48,1,10,20,42,33,66,0.7
35,1,16,17,35,24,54,0.7
119,3,10,57,119,90,16,1
50,1,9,19,50,29,79,0.8
52,2,16,22,53,33,53,0.8
30,1,6,10,22,7,60,0.4
53,2,17,28,56,33,38,1
99,2,28,43,111,74,75,1
34,1,6,12,16,6,67,0.7
39,1,5,12,28,13,77,0.5
31,1,13,19,31,19,40,0.8
41,1,8,25,41,22,53,0.6
26,1,6,13,26,14,37,0.6
100,2,8,42,54,22,159,0.6
37,1,5,15,25,12,73,0.5
148,3,13,67,158,113,28,1.1
32,1,6,15,23,11,63,0.5
35,1,5,11,31,13,70,0.4
45,1,5,22,34,16,90,0.5
37,1,14,24,37,24,33,0.8
66,2,30,35,81,46,48,0.8
77,2,30,21,79,56,80,0.7
38,1,6,18,38,22,64,0.6
41,1,5,15,24,11,81,0.5
110,3,11,49,96,83,96,1.3
140,3,11,30,51,27,204,0.7
31,1,13,19,31,19,40,0.8
70,2,37,41,89,44,89,0.9
43,1,15,23,43,29,52,0.9
25,1,5,14,25,13,30,0.5
51,2,21,18,51,29,64,0.6
32,1,9,24,32,18,10,0.9
34,1,6,10,23,8,67,0.4
55,2,10,29,47,20,105,0.6
88,2,8,18,110,65,117,0.8
44,1,13,17,44,26,65,0.7
59,2,7,15,58,32,110,0.7
30,1,5,20,16,8,60,0.6
85,2,7,30,52,21,142,0.6
130,3,8,24,81,52,192,0.9
54,2,6,20,30,11,104,0.5
72,2,20,28,77,52,81,0.9
103,3,5,12,31,17,163,0.7
44,1,6,11,31,14,88,0.5
49,1,18,24,49,31,42,0.9
120,3,6,18,34,17,181,0.8
59,2,7,14,37,21,110,0.6
24,1,11,19,23,12,37,0.7
32,1,6,15,31,19,64,0.5
52,2,23,22,54,32,86,0.6
80,2,15,33,74,59,30,1
38,1,15,21,38,25,48,0.8
109,3,10,50,111,82,45,0.9
32,1,10,9,31,22,61,0.5
31,1,9,13,28,12,62,0.4
32,1,8,15,32,18,18,0.9
22,1,10,17,21,12,25,0.6
43,1,5,18,38,18,86,0.6
32,1,6,15,23,11,63,0.5
114,3,24,38,177,53,111,0.8
60,2,21,29,70,43,70,0.8
99,2,28,43,111,74,75,1
120,3,14,59,131,91,19,1
70,2,8,18,40,23,124,0.6
36,1,6,12,24,9,71,0.4
130,3,7,29,105,56,193,1.1
47,1,8,14,47,31,86,0.6
59,2,7,15,58,32,110,0.7
33,1,6,22,33,18,62,0.7
88,2,6,24,54,26,145,0.6
133,3,13,45,71,41,196,0.8
25,1,7,20,16,9,26,0.7
30,1,10,21,23,12,59,0.8
114,3,24,38,177,53,111,0.8
33,1,6,22,33,18,62,0.7
35,1,10,15,35,23,46,0.8
63,2,15,22,64,45,66,0.8
65,2,9,29,52,27,118,0.7
39,1,8,21,39,19,58,0.7
49,1,13,17,46,34,60,0.9
139,3,5,15,227,71,112,0.4
53,2,17,17,55,33,60,0.5
49,1,6,19,39,18,98,0.5
121,3,9,24,192,68,122,0.6
53,2,18,22,51,37,61,0.7
122,3,10,48,123,92,22,1.1
31,1,12,20,31,19,26,0.9
48,1,5,21,37,17,96,0.5
58,2,13,29,66,39,101,0.7
90,2,6,20,43,22,147,0.6
59,2,14,23,55,42,47,0.9
108,3,8,38,107,81,42,0.9
134,3,12,54,218,81,48,1
32,1,5,17,29,13,63,0.5
50,1,6,17,38,23,100,0.6
38,1,6,19,38,21,73,0.6
83,2,16,31,83,61,30,0.9
19,1,5,14,17,6,38,0.5
35,1,8,18,35,19,65,0.5
68,2,6,15,38,22,121,0.6
27,1,6,16,17,8,53,0.6
115,3,13,65,163,87,141,1
51,2,8,11,51,16,58,0.6
124,3,10,21,42,25,186,0.6
128,3,14,66,125,97,81,1.2
75,2,16,40,60,26,130,0.6
51,2,5,19,36,16,101,0.5
63,2,9,20,49,29,115,0.6
27,1,5,14,26,10,54,0.4
62,2,7,15,64,33,114,0.6
39,1,6,13,30,14,77,0.5
75,2,8,15,75,46,129,0.7
143,3,10,58,154,109,30,1.4
31,1,6,16,23,12,61,0.5
32,1,8,25,23,13,38,0.6
38,1,5,18,35,17,76,0.6
62,2,16,22,62,44,58,1
25,1,10,20,21,12,25,0.9
87,2,27,40,92,64,72,1
72,2,8,14,80,47,126,0.7
133,3,12,60,149,101,7,1.3
26,1,9,13,24,14,52,0.7
32,1,10,16,32,18,61,0.6
75,2,7,24,46,20,130,0.6
27,1,5,16,19,6,53,0.4
29,1,9,23,27,12,38,0.7
58,2,7,26,65,31,102,0.6
45,1,5,18,19,9,89,0.6
42,1,6,19,42,27,58,0.6
75,2,8,15,75,46,129,0.7
94,2,7,23,53,26,152,0.6
40,1,6,14,33,20,80,0.6
56,2,10,29,54,19,107,0.6
77,2,58,50,104,49,72,1.1
65,2,9,29,52,27,118,0.7
44,1,6,22,44,22,39,0.6
138,3,11,71,160,105,82,1.1
25,1,11,14,14,10,49,0.6
45,1,10,19,43,31,44,0.8
78,2,14,23,68,57,50,0.9
57,2,16,15,52,40,44,0.7
126,3,6,21,51,29,188,0.8
36,1,6,17,26,12,72,0.5
36,1,5,11,31,13,72,0.4
26,1,6,15,25,14,51,0.5
78,2,14,23,68,57,50,0.9
25,1,7,20,16,9,26,0.7
42,1,12,23,42,24,27,0.8
113,3,70,62,158,85,77,1.5
38,1,6,18,38,22,64,0.6
49,1,20,17,49,30,60,0.6
58,2,7,26,65,31,102,0.6
52,2,23,22,54,32,86,0.6
137,3,10,57,141,104,19,1.1
124,3,11,48,198,58,109,0.8
22,1,10,17,21,12,25,0.6
51,2,15,24,52,34,47,0.9
138,3,6,51,120,105,74,1.2
23,1,8,11,19,12,46,0.5
28,1,5,10,28,12,56,0.4
131,3,10,32,46,23,194,0.7
32,1,6,24,32,17,30,0.6
25,1,5,12,24,7,49,0.4
20,1,5,13,19,7,40,0.5
144,3,5,27,78,38,208,1.1
29,1,6,11,18,5,57,0.4
50,1,9,19,50,29,79,0.8
140,3,5,17,229,66,90,0.4
78,2,23,31,81,57,72,0.9
38,1,13,24,38,26,15,1
74,2,5,14,44,22,128,0.5
103,3,24,36,107,77,57,0.8
51,2,8,11,51,16,58,0.6
66,2,30,35,81,46,48,0.8
48,1,13,15,48,30,74,0.5
39,1,6,13,20,8,77,0.6
35,1,6,13,29,11,69,0.4
113,3,70,62,158,85,77,1.5
37,1,14,24,37,24,33,0.8
35,1,8,18,35,19,65,0.5
110,3,5,20,61,36,171,0.7
55,2,7,15,48,25,106,0.6
109,3,7,28,42,22,169,0.8
27,1,6,16,17,8,53,0.6
77,2,58,50,104,49,72,1.1
114,3,24,38,177,53,111,0.8
28,1,4,13,16,7,55,0.6
75,2,25,17,70,55,75,0.6
71,2,11,27,45,18,125,0.6
39,1,5,13,26,10,78,0.4
61,2,5,15,54,32,113,0.7
35,1,10,22,33,24,40,0.7
104,3,9,28,40,21,164,0.7
119,3,17,60,110,90,89,1.4
35,1,12,27,32,24,32,0.8
122,3,12,60,137,92,64,1.1
27,1,5,14,18,6,54,0.5
67,2,6,31,73,39,120,0.6
72,2,20,28,77,52,81,0.9
59,2,9,22,67,34,87,0.8
45,1,15,23,43,31,46,0.9
44,1,6,22,44,22,39,0.6
53,2,18,22,51,37,61,0.7
69,2,8,20,32,15,122,0.6
63,2,8,15,66,40,115,0.7
123,3,12,28,65,23,185,0.7
26,1,8,18,26,14,47,0.6
29,1,8,17,29,18,34,0.8
49,1,13,17,46,34,60,0.9
33,1,6,22,33,17,37,0.7
34,1,12,17,34,23,68,0.6
27,1,5,16,27,13,53,0.5
150,3,11,32,55,31,215,0.8
61,2,6,26,54,26,113,0.6
44,1,14,19,44,28,87,0.8
26,1,13,15,22,15,52,0.7
37,1,12,19,37,24,63,0.8
33,1,6,22,33,19,66,0.6
44,1,6,17,28,12,87,0.5
46,1,16,23,46,29,29,0.9
113,3,9,29,60,28,174,0.9
78,2,8,34,56,28,133,0.6
63,2,5,22,56,27,115,0.6
72,2,5,22,45,21,126,0.6
55,2,10,29,47,20,105,0.6
82,2,6,27,61,30,138,0.7
24,1,10,14,20,9,48,0.6
35,1,16,17,35,24,54,0.7
71,2,11,27,45,18,125,0.6
49,1,18,24,49,31,42,0.9
38,1,17,15,32,18,75,0.5
55,2,15,18,60,35,68,0.6
81,2,5,22,50,21,137,0.5
51,2,5,16,51,26,84,0.6
33,1,6,11,32,16,66,0.4
38,1,6,12,29,12,76,0.4
28,1,8,17,28,16,48,0.7
45,1,6,15,21,8,89,0.5
65,2,10,19,60,32,117,0.7
54,2,7,18,57,32,72,0.7
32,1,10,9,31,22,61,0.5
82,2,21,34,92,60,61,1
25,1,5,17,21,11,50,0.6
59,2,9,22,67,34,87,0.8
77,2,17,29,79,56,58,0.9
49,1,6,20,36,17,97,0.6
98,2,11,26,128,71,157,0.8
98,2,29,41,108,73,33,1
33,1,5,22,26,13,66,0.5
23,1,5,15,22,7,45,0.5
36,1,6,13,30,12,72,0.5
127,3,7,30,48,25,189,0.7
86,2,8,21,48,26,143,0.6
46,1,16,23,46,29,29,0.9
60,2,7,18,69,33,109,0.6
96,2,10,29,114,68,155,0.9
27,1,7,21,21,11,37,0.6
40,1,13,11,31,20,79,0.5
112,3,56,61,141,84,96,1.4
54,2,7,18,57,32,72,0.7
33,1,6,22,33,17,37,0.7
45,1,6,15,21,8,89,0.5
31,1,6,11,22,8,62,0.4
63,2,39,42,75,39,61,1
28,1,12,17,28,16,37,0.8
41,1,8,25,41,22,53,0.6
53,2,13,26,55,36,32,0.8
44,1,12,20,44,27,61,0.6
39,1,8,21,39,19,58,0.7
68,2,6,15,38,22,121,0.6
63,2,15,22,64,45,66,0.8
28,1,7,17,28,15,46,0.7
50,1,6,17,38,23,100,0.6
59,2,14,23,55,42,47,0.9
115,3,10,25,41,22,176,0.6
87,2,26,37,86,64,38,1
149,3,14,55,247,65,35,1
39,1,5,16,27,12,77,0.4
21,1,5,15,19,8,41,0.6
36,1,8,19,36,20,30,0.7
64,2,15,25,65,46,39,1
113,3,10,48,117,85,20,1.1
44,1,6,12,29,11,88,0.5
37,1,5,13,24,10,74,0.4
87,2,27,40,92,64,72,1
38,1,6,19,38,21,73,0.6
46,1,5,13,27,10,91,0.5
57,2,16,15,52,40,44,0.7
45,1,6,22,40,18,89,0.6
64,2,13,23,69,46,103,0.8
38,1,5,18,37,19,76,0.5
80,2,6,19,46,22,136,0.5
36,1,10,15,27,20,72,0.7
37,1,5,19,23,11,73,0.5
32,1,6,13,29,13,64,0.5
26,1,12,14,26,17,41,0.6
103,3,24,36,107,77,57,0.8
64,2,6,21,46,25,116,0.5
25,1,9,19,25,15,24,0.6
63,2,8,15,66,40,115,0.7
65,2,10,29,79,44,98,0.8
89,2,33,38,98,66,62,1
30,1,11,24,30,21,48,1
33,1,5,14,28,14,66,0.4
132,3,16,73,152,100,62,1
82,2,21,34,92,60,61,1
34,1,10,18,34,19,11,1
65,2,35,37,80,42,71,0.8
32,1,6,16,23,12,63,0.7
35,1,15,20,35,20,42,0.8
40,1,6,20,37,15,80,0.5
114,3,24,38,177,53,111,0.8
83,2,16,31,83,61,30,0.9
44,1,12,20,44,27,61,0.6
21,1,6,13,21,10,33,0.7
64,2,15,25,65,46,39,1
33,1,7,13,18,8,66,0.5
112,3,11,48,119,84,30,0.9
25,1,5,14,25,13,30,0.5
80,2,5,19,40,20,135,0.6
125,3,5,23,42,26,187,0.8
43,1,15,23,43,29,52,0.9
38,1,7,18,31,13,76,0.4
33,1,7,15,25,12,65,0.5
45,1,14,22,43,31,37,0.9
69,2,8,20,32,15,122,0.6
31,1,6,16,23,12,61,0.5
117,3,12,56,122,88,28,0.9
28,1,9,21,28,15,44,0.7
75,2,25,17,70,55,75,0.6
106,3,8,22,68,30,166,0.7
27,1,7,21,21,11,37,0.6
54,2,6,12,26,11,104,0.5
45,1,15,23,43,31,46,0.9
55,2,5,14,32,16,105,0.4
48,1,6,28,48,23,85,0.6
28,1,5,12,18,7,56,0.4
28,1,7,17,28,15,46,0.7
37,1,5,29,29,19,37,0.7
95,2,32,49,114,71,73,1
49,1,20,17,49,30,60,0.6
26,1,8,18,26,14,47,0.6
55,2,7,15,48,25,106,0.6
31,1,11,23,31,20,19,0.9
83,2,9,28,92,50,139,0.8
33,1,6,18,32,19,65,0.6
136,3,6,33,86,53,199,1.1
133,3,6,17,46,27,196,0.7
32,1,5,13,25,10,63,0.4
32,1,9,24,32,18,10,0.9
42,1,14,16,42,27,52,0.5
48,1,6,28,48,23,85,0.6
63,2,26,32,75,41,56,0.7
44,1,6,12,29,11,88,0.5
56,2,10,29,54,19,107,0.6
35,1,14,21,35,20,28,0.8
113,3,6,28,50,25,174,0.8
25,1,5,15,20,6,50,0.5
29,1,8,16,24,13,57,0.7
49,1,6,20,36,17,97,0.6
46,1,12,25,46,28,35,0.9
64,2,13,23,69,46,103,0.8
131,3,9,37,89,45,194,1.2
112,3,9,45,115,84,66,0.9
59,2,7,14,37,21,110,0.6
42,1,12,23,42,24,27,0.8
105,3,5,24,35,21,165,0.7
28,1,9,21,28,15,44,0.7
139,3,6,19,39,22,202,0.8
65,2,7,24,42,24,117,0.6
65,2,7,24,42,24,117,0.6
103,3,13,42,103,77,27,0.9
112,3,56,61,141,84,96,1.4
39,1,6,24,39,24,50,0.6
37,1,16,13,33,24,73,0.6
127,3,13,22,203,46,71,0.5
59,2,10,20,67,42,99,0.6
103,3,10,42,99,77,23,0.8
29,1,9,13,17,8,58,0.6
117,3,10,49,100,88,56,1.1
37,1,16,13,33,24,73,0.6
56,2,15,22,61,36,80,0.7
33,1,7,13,18,8,66,0.5
72,2,18,33,73,52,33,1
58,2,7,18,29,13,109,0.5
45,1,10,19,43,31,44,0.8
53,2,5,13,30,16,103,0.6
53,2,8,16,56,32,49,0.7
112,3,56,61,141,84,96,1.4
53,2,17,28,56,33,38,1
36,1,10,15,27,20,72,0.7
63,2,39,42,75,39,61,1
73,2,34,42,85,53,67,0.8
32,1,5,19,28,12,64,0.5
62,2,8,17,67,44,105,0.7
30,1,6,11,24,10,60,0.4
53,2,14,25,56,36,51,0.8
53,2,13,26,55,36,32,0.8
26,1,6,14,26,11,47,0.5
26,1,6,13,26,14,37,0.6
27,1,6,19,26,12,53,0.5
103,3,9,44,103,77,43,0.9
24,1,11,19,23,12,37,0.7
127,3,13,22,203,46,71,0.5
44,1,6,11,31,14,88,0.5
34,1,12,17,34,23,68,0.6
65,2,10,19,60,32,117,0.7
20,1,9,15,20,10,27,0.7
47,1,8,14,47,31,86,0.6
132,3,9,61,129,100,64,1.3
103,3,14,67,125,77,68,1
62,2,8,17,67,44,105,0.7
28,1,5,10,13,4,55,0.4
25,1,9,19,25,15,24,0.6
48,1,10,17,48,28,77,0.7
133,3,14,49,138,101,106,1.2
103,3,12,24,95,77,94,0.7
98,2,11,26,128,71,157,0.8
39,1,6,13,20,8,77,0.6
67,2,13,25,62,48,41,0.9
30,1,10,21,23,12,59,0.8
103,3,10,53,103,77,25,1.7
27,1,5,13,14,5,53,0.6
103,3,12,44,61,32,163,0.8
62,2,16,22,62,44,58,1
63,2,10,20,70,45,109,0.7
38,1,12,16,38,25,62,0.7
112,3,17,37,78,48,173,0.8
65,2,35,37,80,42,71,0.8
30,1,6,15,25,9,60,0.4
77,2,17,29,79,56,58,0.9
25,1,11,14,14,10,49,0.6
70,2,37,41,89,44,89,0.9
44,1,6,14,30,14,87,0.4
48,1,7,13,31,13,96,0.5
63,2,26,32,75,41,56,0.7
30,1,6,12,25,10,60,0.4
127,3,13,22,203,46,71,0.5
60,2,7,18,69,33,109,0.6
28,1,8,17,28,16,48,0.7
40,1,13,11,31,20,79,0.5
67,2,13,25,62,48,41,0.9
31,1,6,13,31,14,56,0.5
98,2,26,36,100,73,61,0.9
138,3,16,69,225,87,126,1
38,1,6,18,23,12,76,0.6
23,1,8,11,19,12,46,0.5
127,3,13,22,203,46,71,0.5
45,1,14,22,43,31,37,0.9
48,1,7,13,31,13,96,0.5
77,2,5,20,48,24,132,0.6
125,3,6,20,43,24,187,0.9
33,1,5,13,29,13,66,0.5
112,3,56,61,141,84,96,1.4
48,1,6,16,36,17,95,0.5
29,1,8,16,24,13,57,0.7
29,1,5,11,29,13,56,0.5
56,2,15,22,61,36,80,0.7
90,2,14,28,129,52,99,0.8
32,1,8,25,23,13,38,0.6
51,2,5,13,42,23,101,0.6
116,3,10,29,47,26,177,0.7
29,1,6,10,23,6,57,0.3
46,1,12,25,46,28,35,0.9
54,2,8,19,58,30,74,0.6
38,1,15,21,38,25,48,0.8
35,1,14,24,35,18,21,0.9
60,2,21,29,70,43,70,0.8
144,3,10,47,237,54,62,0.9
28,1,5,22,24,11,51,0.6
65,2,10,29,79,44,98,0.8
32,1,6,16,23,12,63,0.7
139,3,14,74,138,106,39,1.5
29,1,9,23,27,12,38,0.7
34,1,6,12,16,6,67,0.7
32,1,10,16,32,18,61,0.6
59,2,10,20,67,42,99,0.6
24,1,10,14,20,9,48,0.6
51,2,21,18,51,29,64,0.6
114,3,6,12,44,27,175,0.8
33,1,6,18,24,14,66,0.6
49,1,12,13,45,34,62,0.6
54,2,16,13,49,38,84,0.7
95,2,32,49,114,71,73,1
54,2,16,13,49,38,84,0.7
22,1,9,15,22,11,28,0.8
48,1,10,20,42,33,66,0.7
36,1,6,17,26,12,72,0.5
26,1,6,15,25,9,52,0.4
90,2,14,28,129,52,99,0.8
62,2,7,15,64,33,114,0.6
41,1,5,13,27,13,81,0.4
58,2,13,29,66,39,101,0.7
134,3,5,16,39,23,197,0.7
113,3,70,62,158,85,77,1.5
44,1,14,19,44,28,87,0.8
30,1,5,24,16,8,39,0.6
55,2,7,21,42,19,106,0.5
33,1,7,15,25,12,65,0.5
47,1,6,19,40,22,94,0.6
83,2,9,28,92,50,139,0.8
30,1,11,21,30,17,28,1
114,3,12,64,177,36,43,0.8
51,2,5,16,51,26,84,0.6
43,1,5,15,22,9,86,0.5
105,3,6,26,159,57,104,0.5
108,3,11,47,128,81,74,1.1
35,1,12,27,32,24,32,0.8
107,3,10,52,109,80,27,1
39,1,5,13,26,9,77,0.4
38,1,17,15,32,18,75,0.5
32,1,6,13,20,6,64,0.5
96,2,10,29,114,68,155,0.9
26,1,6,15,25,14,51,0.5
30,1,11,24,30,21,48,1
28,1,5,12,23,7,55,0.5
114,3,16,63,100,86,102,1.2
148,3,6,26,66,32,212,1
40,1,7,29,40,20,72,0.9
62,2,8,27,73,28,107,0.5
56,2,8,23,60,36,107,1
56,2,9,40,62,27,54,1
76,2,7,24,34,18,131,0.8
93,2,5,26,48,27,151,0.7
68,2,8,44,81,49,70,0.8
138,3,10,70,119,105,33,1.5
54,2,11,43,53,28,54,1
54,2,13,36,57,27,44,1.2
129,3,8,53,112,98,96,1
65,2,7,34,75,47,108,0.9
95,2,13,44,65,23,153,0.9
65,2,13,52,66,30,94,0.8
103,3,6,20,77,43,163,1.1
70,2,14,46,89,41,61,0.8
68,2,7,31,85,27,99,0.4
73,2,11,46,63,25,127,0.7
59,2,6,27,62,17,110,0.4
57,2,5,31,63,39,68,0.7
140,3,8,32,230,37,76,0.5
75,2,7,27,26,13,129,0.7
58,2,4,21,66,10,72,0.3
37,1,6,28,37,14,60,0.5
129,3,6,30,208,40,70,0.6
122,3,6,63,87,92,51,1.1
98,2,5,23,57,34,157,0.9
58,2,8,43,62,41,48,0.9
119,3,8,20,70,37,180,1.5
64,2,10,45,77,31,61,0.7
79,2,8,31,45,19,134,0.6
108,3,7,24,64,34,168,1.1
97,2,11,48,110,72,142,0.9
55,2,6,28,29,10,106,0.5
82,2,7,33,49,20,138,0.7
30,1,7,19,30,12,52,0.5
104,3,8,37,157,53,61,0.9
118,3,11,26,65,31,179,0.8
110,3,14,63,96,83,50,1.5
42,1,5,21,19,16,84,0.6
126,3,8,21,82,46,188,0.8
42,1,6,13,5,3,83,0.7
94,2,5,31,137,24,89,0.4
84,2,12,67,73,58,41,1
43,1,5,19,35,8,86,0.4
105,3,8,24,60,34,165,0.8
98,2,10,39,57,29,157,0.8
79,2,12,51,94,58,113,0.8
98,2,10,50,105,73,30,1.6
130,3,7,51,116,99,39,1.2
61,2,12,44,71,35,62,0.8
40,1,6,14,24,13,79,0.5
85,2,7,20,28,17,141,1.1
109,3,9,46,99,82,102,0.9
61,2,9,33,65,37,113,1.2
70,2,6,22,89,30,99,0.4
93,2,8,48,97,69,55,1.2
72,2,8,22,60,52,58,1.1
77,2,14,61,87,34,35,0.9
63,2,8,47,74,45,64,0.9
105,3,8,51,88,79,48,1.1
82,2,8,40,50,15,138,0.4
48,1,6,29,48,29,75,0.9
75,2,8,32,46,23,130,0.8
53,2,6,29,49,28,103,0.9
86,2,8,28,42,22,143,0.9
64,2,10,46,67,46,90,1
96,2,8,24,55,26,155,0.8
100,2,8,46,106,75,71,1
52,2,9,25,30,14,102,0.8
68,2,6,22,46,25,121,1
68,2,9,38,86,28,58,0.8
41,1,5,20,27,16,82,0.8
67,2,9,42,74,48,80,0.9
120,3,6,15,47,25,181,0.7
138,3,6,51,120,105,74,1.2
120,3,6,18,34,17,181,0.8
70,2,9,37,86,25,123,0.9
84,2,12,43,118,51,94,0.7
44,1,6,28,42,30,88,0.8
49,1,5,22,31,16,98,0.8
55,2,8,34,60,39,105,1
62,2,9,33,50,26,114,0.8
80,2,6,14,25,20,136,0.7
81,2,14,60,112,46,98,0.9
67,2,10,49,83,47,109,0.8
138,3,16,69,225,87,126,1
60,2,6,25,31,10,111,0.4
77,2,7,37,41,15,132,0.4
90,2,5,37,77,67,59,1
133,3,14,49,138,101,106,1.2
114,3,16,63,100,86,102,1.2
110,3,11,49,96,83,96,1.3
88,2,7,22,126,18,58,0.5
64,2,17,43,78,41,102,0.8
94,2,6,27,38,20,152,0.9
50,1,8,34,29,14,99,0.9
114,3,12,64,177,36,43,0.8
96,2,5,26,96,45,155,1.1
69,2,10,55,64,40,119,0.7
41,1,5,15,25,11,81,0.6
94,2,7,20,63,41,152,0.9
78,2,6,20,29,13,133,0.6
72,2,10,31,94,34,123,0.6
37,1,7,29,31,12,66,0.5
124,3,11,48,198,58,109,0.8
105,3,6,26,159,57,104,0.5
83,2,8,35,43,14,139,0.5
139,3,6,19,39,22,202,0.8
127,3,7,30,48,25,189,0.7
60,2,4,19,54,43,98,1.1
131,3,9,37,89,45,194,1.2
65,2,9,30,40,23,117,0.8
40,1,6,25,40,25,57,0.8
82,2,5,17,44,23,138,0.9
121,3,9,24,192,68,122,0.6
128,3,14,66,125,97,81,1.2
57,2,5,13,38,22,108,0.8
80,2,11,53,110,47,68,0.8
98,2,12,53,94,73,54,1.3
113,3,9,29,60,28,174,0.9
68,2,11,46,85,47,83,0.8
55,2,9,44,59,37,97,0.8
49,1,8,26,49,20,69,0.7
75,2,13,60,94,46,49,1.1
110,3,5,20,61,36,171,0.7
105,3,5,24,35,21,165,0.7
85,2,9,20,36,16,141,0.6
84,2,10,38,75,36,140,0.9
64,2,7,18,34,17,116,0.8
68,2,6,21,26,15,121,0.6
65,2,10,52,75,36,94,1
93,2,6,21,45,26,151,0.8
70,2,7,21,83,21,124,0.4
134,3,12,54,218,81,48,1
101,3,9,21,61,32,161,1
82,2,10,48,114,49,73,0.8
50,1,8,23,50,20,64,0.6
144,3,10,47,237,54,62,0.9
67,2,5,14,15,8,120,0.8
122,3,5,22,42,23,184,0.8
140,3,5,17,229,66,90,0.4
32,1,6,18,22,10,64,0.7
46,1,5,19,25,8,91,0.4
70,2,7,32,47,20,123,0.6
79,2,18,63,85,51,18,1.4
59,2,8,37,68,23,56,0.7
47,1,6,26,38,21,94,1.3
91,2,12,38,132,57,149,0.8
63,2,6,28,55,21,115,0.6
108,3,11,47,128,81,74,1.1
132,3,9,61,129,100,64,1.3
139,3,5,15,227,71,112,0.4
44,1,5,9,24,14,88,0.8
149,3,14,55,247,65,35,1
77,2,17,60,80,56,28,1.7
77,2,7,21,41,22,132,0.8
86,2,11,41,122,48,82,0.7
82,2,11,50,113,46,31,1.1
89,2,11,42,98,66,81,1
36,1,6,23,32,19,71,1
97,2,6,20,46,24,156,0.9
55,2,10,43,46,18,105,1
78,2,13,60,105,53,43,1.2
130,3,7,29,105,56,193,1.1
49,1,5,23,28,18,97,0.7
73,2,9,32,77,50,127,0.7
53,2,9,42,53,22,53,0.6
106,3,8,22,68,30,166,0.7
34,1,6,27,30,11,61,0.5
114,3,6,12,44,27,175,0.8
136,3,6,33,86,53,199,1.1
66,2,6,31,34,13,119,0.5
94,2,6,17,37,20,152,0.8
45,1,7,30,45,19,90,0.7
138,3,11,71,160,105,82,1.1
91,2,6,22,61,32,149,1.1
122,3,12,60,137,92,64,1.1
73,2,10,26,39,19,127,0.8
54,2,7,33,58,22,66,0.6
66,2,6,26,55,34,119,1
98,2,8,26,68,45,157,1.3
65,2,6,18,46,27,117,0.8
38,1,6,20,31,15,76,0.6
103,3,5,12,31,17,163,0.7
74,2,5,18,34,23,128,1
41,1,10,29,41,14,62,0.7
40,1,5,10,32,13,80,0.5
44,1,6,24,31,18,88,0.8
61,2,8,26,45,17,113,0.6
60,2,5,15,31,21,112,0.8
130,3,8,24,81,52,192,0.9
115,3,13,65,163,87,141,1
100,2,13,47,137,69,160,0.9
70,2,6,16,27,13,123,0.7
40,1,6,32,34,14,58,0.5
123,3,12,28,65,23,185,0.7
50,1,5,30,37,18,99,0.5
109,3,7,28,42,22,169,0.8
113,3,6,28,50,25,174,0.8
65,2,8,26,42,13,118,0.6
58,2,8,34,64,41,106,1
139,3,14,74,138,106,39,1.5
72,2,6,18,30,15,126,0.6
56,2,6,21,56,24,107,0.5
61,2,10,24,71,32,71,0.7
37,1,5,13,22,11,74,0.4
74,2,15,56,79,54,21,1.6
85,2,4,17,31,18,141,0.8
65,2,4,21,79,41,78,0.6
45,1,7,30,45,23,87,0.6
61,2,5,14,23,14,113,0.7
98,2,6,15,50,30,157,0.9
58,2,7,26,43,11,109,0.4
125,3,6,20,43,24,187,0.9
43,1,8,34,31,15,63,0.8
125,3,5,23,42,26,187,0.8
134,3,5,16,39,23,197,0.7
119,3,17,60,110,90,89,1.4
58,2,9,44,65,38,74,0.8
67,2,7,39,32,13,120,0.7
43,1,6,34,42,19,72,0.5
72,2,9,35,43,14,126,0.8
90,2,5,18,40,23,147,0.8
144,3,5,27,78,38,208,1.1
51,2,6,28,17,8,101,0.6
126,3,6,21,51,29,188,0.8
37,1,5,18,14,8,73,0.7
80,2,6,28,109,37,99,0.5
61,2,7,16,72,39,111,1
50,1,5,26,50,13,91,0.4
51,2,5,24,18,6,101,0.4
60,2,9,32,49,22,112,0.6
133,3,6,17,46,27,196,0.7
76,2,8,21,39,21,131,0.8
69,2,7,29,81,22,122,0.4
80,2,8,43,73,46,136,0.6
81,2,6,19,27,14,137,0.9
89,2,7,20,83,52,146,0.8
60,2,5,19,24,6,112,0.3
117,3,10,49,100,88,56,1.1
137,3,16,89,112,104,26,1.6
67,2,5,19,37,22,120,0.7
66,2,10,26,56,30,119,0.6
49,1,5,16,35,20,97,0.6
70,2,6,20,39,19,123,0.6
103,3,10,53,103,77,25,1.7
113,3,9,28,50,26,174,0.8
37,1,4,12,7,6,74,0.7
94,2,6,20,61,34,152,1
45,1,8,30,44,31,46,0.6
32,1,7,19,31,22,53,0.5
39,1,8,28,38,27,58,0.7
42,1,8,33,40,28,56,0.7
47,1,8,37,44,29,75,0.7
28,1,6,22,21,16,36,0.6
33,1,8,26,27,18,36,0.6
32,1,7,25,28,17,36,0.6
33,1,7,26,32,20,50,0.6
45,1,8,36,43,27,25,0.8
43,1,8,34,42,28,41,0.8
39,1,8,31,32,22,42,0.7
48,1,9,38,41,26,32,0.7
48,1,8,38,39,24,22,0.7
47,1,9,37,46,27,63,0.8
34,1,8,27,30,17,53,0.8
40,1,9,32,38,21,40,0.9
33,1,7,26,32,20,28,0.8
42,1,7,24,42,21,44,0.5
39,1,9,29,39,24,55,0.7
32,1,7,25,30,20,42,0.7
35,1,9,28,30,17,50,0.7
47,1,10,37,39,24,32,0.8
43,1,8,34,34,23,44,0.8
43,1,8,32,43,28,66,0.8
37,1,11,29,30,16,60,0.6
40,1,9,32,37,23,53,0.6
40,1,9,32,40,26,53,0.6
49,1,9,37,49,32,60,0.7
46,1,8,31,46,31,45,0.7
45,1,8,31,45,29,42,0.7
41,1,8,32,41,25,42,0.7
48,1,8,32,48,25,44,0.6
42,1,7,32,42,26,41,0.7
49,1,9,33,49,28,92,0.8
28,1,7,22,28,18,46,0.7
28,1,7,22,21,13,48,0.6
39,1,7,26,24,15,78,0.6
50,1,8,20,29,21,99,0.6
42,1,8,30,42,26,43,0.6
48,1,9,33,48,30,95,0.7
48,1,10,32,45,29,96,0.6
44,1,8,27,44,30,58,0.6
39,1,9,31,39,27,53,0.7
47,1,8,23,32,21,93,0.7
30,1,7,19,29,19,60,0.5
48,1,8,22,25,14,96,0.5
44,1,10,35,40,21,75,0.6
48,1,8,32,44,28,95,0.6
33,1,7,24,33,20,45,0.6
38,1,7,30,32,19,45,0.5
43,1,9,34,43,27,27,0.7
34,1,7,27,31,21,52,0.6
50,1,8,40,42,26,59,0.7
50,1,10,40,47,27,90,0.7
38,1,7,27,38,23,76,0.6
40,1,7,27,39,28,60,0.5
47,1,9,28,41,26,93,0.6
49,1,9,20,30,17,98,0.5
30,1,8,19,30,16,47,0.5
23,1,7,18,23,14,43,0.5
34,1,9,25,31,18,68,0.6
43,1,9,28,37,22,86,0.6
44,1,10,33,44,26,86,0.7
47,1,8,25,47,32,75,0.7
46,1,8,24,37,24,92,0.7
33,1,7,26,29,20,56,0.7
39,1,7,31,38,25,75,0.8
32,1,7,23,26,16,64,0.7
33,1,8,22,27,17,66,0.6
34,1,7,21,24,16,68,0.7
42,1,8,24,26,15,83,0.7
47,1,10,28,40,25,93,0.7
28,1,7,22,24,15,52,0.6
31,1,8,23,31,18,50,0.6
45,1,8,20,27,15,90,0.6
31,1,7,21,28,17,61,0.6
32,1,7,22,22,13,63,0.5
50,1,8,23,32,17,100,0.5
46,1,8,27,46,30,75,0.7
38,1,7,23,38,26,45,0.7
39,1,7,19,22,13,77,0.6
47,1,8,22,26,16,93,0.6
30,1,7,19,26,16,59,0.6
27,1,7,16,17,11,54,0.6
34,1,6,17,18,9,68,0.6
46,1,8,22,24,12,91,0.7
46,1,8,19,21,11,91,0.6
42,1,9,21,23,12,84,0.6
39,1,8,22,25,14,77,0.6
41,1,8,22,41,23,65,0.6
36,1,7,19,24,14,71,0.5
36,1,7,21,31,17,72,0.6
29,1,6,17,15,10,58,0.5
29,1,6,23,16,10,57,0.6
28,1,7,22,16,9,40,0.6
30,1,7,24,19,11,45,0.6
49,1,8,23,26,14,98,0.7
48,1,8,22,35,19,96,0.7
45,1,8,24,37,21,89,0.6
38,1,9,25,38,21,69,0.6
30,1,8,18,21,12,59,0.6
43,1,9,34,34,17,81,0.7
39,1,8,24,25,15,78,0.7
33,1,9,24,33,21,48,0.7
33,1,8,21,24,14,65,0.6
29,1,8,23,26,15,48,0.7
42,1,7,20,18,11,84,0.6
47,1,9,22,35,20,94,0.5
47,1,9,22,30,15,93,0.5
41,1,8,19,35,21,82,0.6
33,1,8,22,33,21,63,0.6
80,2,10,42,80,59,27,0.9
82,2,11,39,81,60,16,0.9
95,2,11,40,95,71,13,0.9
90,2,10,38,91,67,24,0.8
74,2,8,30,68,54,47,0.7
63,2,8,37,63,45,35,0.7
90,2,10,42,89,67,19,0.8
77,2,9,39,79,56,52,0.7
69,2,11,47,85,50,59,0.7
80,2,13,60,106,59,56,0.8
53,2,9,42,56,37,36,0.7
85,2,9,52,95,63,33,0.9
98,2,9,43,96,73,23,0.9
54,2,8,39,50,38,40,1
64,2,8,43,67,46,15,1.1
64,2,8,41,62,46,18,1
60,2,9,44,63,43,43,1.1
67,2,9,49,76,48,28,0.9
93,2,11,48,105,69,44,0.9
88,2,8,38,88,65,54,0.9
95,2,9,43,92,71,67,1
99,2,9,44,96,74,42,1
70,2,9,37,68,51,58,0.9
73,2,9,37,69,53,87,0.9
69,2,9,31,65,50,80,0.7
90,2,10,31,84,67,45,0.7
88,2,9,22,85,65,87,0.7
55,2,8,21,49,39,49,0.6
54,2,9,43,55,37,83,0.8
67,2,10,48,70,48,104,0.9
84,2,11,52,88,62,116,1
85,2,10,48,89,63,89,0.9
60,2,9,32,65,43,102,0.8
53,2,7,26,51,37,58,0.7
51,2,9,38,52,32,65,0.9
69,2,11,45,79,50,60,0.9
75,2,9,46,78,55,24,1
53,2,8,34,51,37,27,0.8
53,2,9,42,49,29,61,0.8
57,2,10,45,60,35,106,0.9
56,2,9,41,61,36,69,0.8
55,2,9,38,60,38,88,0.9
53,2,9,42,56,37,42,1
57,2,7,24,63,26,45,0.6
60,2,8,28,69,29,44,0.5
61,2,10,39,72,34,74,0.7
62,2,9,39,74,33,98,0.7
75,2,16,57,100,46,41,0.9
69,2,9,37,76,50,32,0.8
59,2,9,38,67,36,99,0.7
60,2,10,44,68,31,112,0.8
69,2,14,52,88,41,114,1
58,2,11,41,65,36,78,0.8
54,2,10,39,57,35,49,0.8
56,2,8,34,61,33,20,0.8
54,2,7,28,58,28,51,0.6
51,2,8,36,52,31,70,0.8
51,2,12,37,51,30,60,0.8
56,2,9,34,41,23,107,0.7
52,2,10,33,54,29,63,0.6
69,2,10,33,55,28,122,0.6
97,2,11,42,62,34,156,0.7
86,2,10,28,54,32,143,0.7
59,2,9,26,67,33,81,0.6
56,2,7,23,62,32,61,0.5
88,2,9,36,64,38,145,0.8
90,2,10,38,62,36,148,0.8
55,2,9,28,47,32,106,0.7
60,2,9,31,43,26,111,0.6
64,2,12,47,69,46,71,0.8
69,2,10,42,73,50,42,0.9
55,2,8,34,55,39,32,0.7
51,2,9,35,51,34,70,0.7
53,2,10,39,56,35,64,0.8
74,2,10,44,65,40,128,0.8
58,2,10,45,65,40,98,0.8
63,2,9,42,68,45,79,0.7
72,2,11,33,43,21,126,0.5
94,2,12,49,58,27,152,0.7
65,2,14,29,54,36,117,0.6
57,2,10,32,42,26,108,0.7
66,2,9,25,28,16,119,0.7
52,2,9,22,30,17,102,0.6
63,2,9,22,39,25,115,0.6
55,2,9,25,35,20,106,0.6
89,2,10,33,49,29,146,0.7
91,2,11,35,45,25,149,0.7
53,2,11,35,56,36,96,0.7
56,2,8,21,26,15,107,0.6
65,2,7,19,22,13,118,0.6
80,2,8,25,43,28,135,0.7
55,2,7,19,20,12,106,0.6
100,2,8,23,29,17,160,0.6
55,2,8,24,35,20,105,0.6
55,2,8,23,35,19,105,0.6
56,2,7,21,23,13,107,0.6
58,2,8,23,31,17,109,0.6
66,2,8,21,22,13,119,0.6
66,2,8,26,29,16,119,0.6
63,2,8,29,32,17,115,0.6
70,2,9,25,33,17,123,0.6
65,2,8,23,29,14,118,0.5
75,2,8,21,26,14,130,0.5
90,2,8,24,34,16,147,0.6
61,2,9,20,29,15,113,0.5
76,2,9,26,36,19,131,0.6
98,2,9,26,43,24,157,0.6
57,2,7,20,24,15,108,0.6
55,2,9,22,30,16,105,0.6
74,2,9,23,39,22,128,0.6
75,2,9,23,45,27,129,0.7
59,2,8,24,33,19,110,0.7
57,2,8,22,38,21,108,0.7
77,2,9,23,44,26,132,0.7
60,2,9,18,29,16,111,0.6
57,2,9,24,26,14,108,0.7
55,2,9,27,30,16,105,0.8
87,2,11,37,46,25,144,0.8
52,2,12,32,54,33,101,0.9
78,2,11,28,40,22,133,0.7
64,2,11,27,44,26,116,0.7
65,2,10,25,44,26,118,0.7
72,2,10,29,32,16,126,0.7
80,2,9,29,36,19,135,0.7
80,2,9,31,42,22,135,0.7
54,2,9,26,40,22,104,0.6
55,2,10,21,33,17,105,0.5
73,2,9,29,34,19,127,0.7
98,2,10,34,44,25,157,0.7
103,3,13,42,103,77,27,0.9
108,3,13,47,112,81,15,1
103,3,10,42,99,77,23,0.8
103,3,14,67,125,77,68,1
132,3,16,73,152,100,62,1
148,3,13,67,158,113,28,1.1
120,3,14,59,131,91,19,1
119,3,10,57,119,90,16,1
109,3,10,50,111,82,45,0.9
103,3,9,44,103,77,43,0.9
112,3,11,48,119,84,30,0.9
112,3,9,45,115,84,66,0.9
107,3,10,52,109,80,27,1
113,3,10,48,117,85,20,1.1
122,3,10,48,123,92,22,1.1
108,3,8,38,107,81,42,0.9
103,3,12,24,95,77,94,0.7
133,3,13,45,71,41,196,0.8
103,3,12,44,61,32,163,0.8
112,3,17,37,78,48,173,0.8
104,3,9,28,40,21,164,0.7
131,3,10,32,46,23,194,0.7
140,3,11,30,51,27,204,0.7
150,3,11,32,55,31,215,0.8
116,3,10,29,47,26,177,0.7
115,3,10,25,41,22,176,0.6
124,3,10,21,42,25,186,0.6
